{"mc":{
	"loading":{
		"frameRate":24,
		"labels":[
			{"name":"mc1","frame":1,"end":4}
			
			],
		"events":[
			
			],
		"frames":[
			{
			"res":"E599C315",
			"x":0,
			"y":0
			},
			{
			"res":"A25ACFAE",
			"x":0,
			"y":0
			},
			{
			"res":"FBFC98E2",
			"x":0,
			"y":0
			},
			{
			"res":"76CEFB52",
			"x":0,
			"y":0
			},
			{
			"res":"E3A01645",
			"x":0,
			"y":0
			}
			]
}},
	"res":{
		"A25ACFAE":{"x":1,"y":1,"w":333,"h":193},
		"E3A01645":{"x":335,"y":1,"w":333,"h":193},
		"E599C315":{"x":669,"y":1,"w":333,"h":193},
		"76CEFB52":{"x":1,"y":195,"w":333,"h":193},
		"FBFC98E2":{"x":335,"y":195,"w":333,"h":193}
	}}